iter	MultiClass
0	0.9715243799
1	0.9265869248
2	0.9016587365
3	0.8866241723
4	0.8729225846
5	0.8609532463
6	0.8528087266
7	0.8454336542
8	0.8403055135
9	0.8332376953
